{"cameraMode":{"drawMode":0,"name":"Shaded","section":"Shading Mode"},"sceneLighting":false,"audioPlay":false,"sceneViewState":{"showFog":true,"showMaterialUpdate":false,"showSkybox":false,"showFlares":true,"showImageEffects":true,"showParticleSystems":true},"in2DMode":false,"pivot":{"x":399.19219970703127,"y":1.1290885210037232,"z":647.091064453125},"rotation":{"x":-0.018898462876677514,"y":-0.9747222065925598,"z":0.20348970592021943,"w":-0.09058515727519989},"size":1.5020012855529786,"orthographic":false}