{"cameraMode":{"drawMode":0,"name":"Shaded","section":"Shading Mode"},"sceneLighting":true,"audioPlay":false,"sceneViewState":{"showFog":true,"showMaterialUpdate":false,"showSkybox":true,"showFlares":true,"showImageEffects":true,"showParticleSystems":true},"in2DMode":false,"pivot":{"x":400.1099853515625,"y":0.8777480125427246,"z":647.3737182617188},"rotation":{"x":0.36300772428512576,"y":0.5730132460594177,"z":-0.31294187903404238,"w":0.6648541688919067},"size":9.072430610656739,"orthographic":false}