{"cameraMode":{"drawMode":0,"name":"Shaded","section":"Shading Mode"},"sceneLighting":true,"audioPlay":false,"sceneViewState":{"showFog":true,"showMaterialUpdate":false,"showSkybox":true,"showFlares":true,"showImageEffects":true,"showParticleSystems":true},"in2DMode":false,"pivot":{"x":395.8448486328125,"y":-2.199155807495117,"z":643.2650146484375},"rotation":{"x":0.09293471276760102,"y":-0.9012352824211121,"z":0.34881770610809328,"w":0.23988205194473267},"size":12.069366455078125,"orthographic":false}