{"cameraMode":{"drawMode":0,"name":"Shaded","section":"Shading Mode"},"sceneLighting":false,"audioPlay":false,"sceneViewState":{"showFog":true,"showMaterialUpdate":false,"showSkybox":false,"showFlares":true,"showImageEffects":true,"showParticleSystems":true},"in2DMode":false,"pivot":{"x":-0.05566763877868652,"y":0.03393047675490379,"z":0.20931529998779298},"rotation":{"x":0.0027008973993360998,"y":0.9011514782905579,"z":-0.005702249240130186,"w":0.43356069922447207},"size":0.30293816328048708,"orthographic":false}